{
	"devices" : [
		{
			"brickIp":"192.168.1.243",
			"deviceType":"temp",
			"deviceName":"Outside Temp",
			"zoneName":"outsiderear",
			"zoneArea":"main",
			"channel":1,
			"readable":true,
			"writeable":false,
			"G":"243T01",
			"V":0,
			"D":1,
			"Interval":15000
		},
		{
			"brickIp":"192.168.1.243",
			"deviceType":"temp",
			"deviceName":"Breakfast Room Temp",
			"zoneName":"breakfastroom",
			"zoneArea":"main",
			"channel":2,
			"readable":true,
			"writeable":false,
			"G":"243T02",
			"V":0,
			"D":1,
			"Interval":15000
		},
		{
			"brickIp":"192.168.1.243",
			"deviceType":"state",
			"deviceName":"Breakfast Room Active State",
			"zoneName":"breakfastroom",
			"zoneArea":"main",
			"channel":0,
			"readable":true,
			"writeable":true,
			"G":"243DO00",
			"V":0,
			"D":244,
			"Interval":15000
		},
		{
			"brickIp":"192.168.1.243",
			"deviceType":"state",
			"deviceName":"Playroom Active State",
			"zoneName":"playroom",
			"zoneArea":"main",
			"channel":1,
			"readable":true,
			"writeable":true,
			"G":"243DO01",
			"V":0,
			"D":244,
			"Interval":15000
		},
		{
			"brickIp":"192.168.1.243",
			"deviceType":"state",
			"deviceName":"Do Light State",
			"zoneName":"general",
			"zoneArea":"main",
			"channel":6,
			"readable":true,
			"writeable":true,
			"G":"243DO06",
			"V":0,
			"D":244,
			"Interval":15000
		},
		{
			"brickIp":"192.168.1.243",
			"deviceType":"state",
			"deviceName":"Do PIR State",
			"zoneName":"general",
			"zoneArea":"main",
			"channel":7,
			"readable":true,
			"writeable":true,
			"G":"243DO07",
			"V":0,
			"D":244,
			"Interval":15000
		},
		{
			"brickIp":"192.168.1.243",
			"deviceType":"button",
			"deviceName":"Kitchen Switch 1",
			"zoneName":"kitchen",
			"zoneArea":"main",
			"channel":0,
			"readable":true,
			"writeable":true,
			"G":"243DI00",
			"V":0,
			"D":5,
			"Interval":1200000
		},
		{
			"brickIp":"192.168.1.243",
			"deviceType":"button",
			"deviceName":"Kitchen Switch 2",
			"zoneName":"kitchen",
			"zoneArea":"main",
			"channel":1,
			"readable":true,
			"writeable":true,
			"G":"243DI01",
			"V":0,
			"D":5,
			"Interval":1200000
		},
		{
			"brickIp":"192.168.1.243",
			"deviceType":"button",
			"deviceName":"Kitchen Switch 3",
			"zoneName":"kitchen",
			"zoneArea":"main",
			"channel":2,
			"readable":true,
			"writeable":true,
			"G":"243DI02",
			"V":0,
			"D":5,
			"Interval":1200000
		},
		{
			"brickIp":"192.168.1.243",
			"deviceType":"button",
			"deviceName":"Back Door Switch 1",
			"zoneName":"breakfastroom",
			"zoneArea":"main",
			"channel":3,
			"readable":true,
			"writeable":true,
			"G":"243DI03",
			"V":0,
			"D":5,
			"Interval":1200000
		},
		{
			"brickIp":"192.168.1.243",
			"deviceType":"button",
			"deviceName":"Back Door Switch 2",
			"zoneName":"breakfastroom",
			"zoneArea":"main",
			"channel":4,
			"readable":true,
			"writeable":true,
			"G":"243DI04",
			"V":0,
			"D":5,
			"Interval":1200000
		},
		{
			"brickIp":"192.168.1.243",
			"deviceType":"button",
			"deviceName":"Back Door Switch 3",
			"zoneName":"breakfastroom",
			"zoneArea":"main",
			"channel":5,
			"readable":true,
			"writeable":true,
			"G":"243DI05",
			"V":0,
			"D":5,
			"Interval":1200000
		},
		{
			"brickIp":"192.168.1.243",
			"deviceType":"button",
			"deviceName":"Breakfast Room Switch 1",
			"zoneName":"breakfastroom",
			"zoneArea":"main",
			"channel":6,
			"readable":true,
			"writeable":true,
			"G":"243DI06",
			"V":0,
			"D":5,
			"Interval":1200000
		},
		{
			"brickIp":"192.168.1.243",
			"deviceType":"button",
			"deviceName":"Breakfast Room Switch 2",
			"zoneName":"breakfastroom",
			"zoneArea":"main",
			"channel":7,
			"readable":true,
			"writeable":true,
			"G":"243DI07",
			"V":0,
			"D":5,
			"Interval":1200000
		},
		{
			"brickIp":"192.168.1.243",
			"deviceType":"pir",
			"deviceName":"Breakfast Room PIR Trigger",
			"zoneName":"breakfastroom",
			"zoneArea":"main",
			"channel":"8",
			"readable":true,
			"writeable":false,
			"G":"243DI08",
			"V":0,
			"D":7,
			"Interval":2500000
		},
		{
			"brickIp":"192.168.1.243",
			"deviceType":"pir",
			"deviceName":"Living Room PIR Trigger",
			"zoneName":"breakfastroom",
			"zoneArea":"main",
			"channel":"11",
			"readable":true,
			"writeable":false,
			"G":"243DI11",
			"V":0,
			"D":7,
			"Interval":2500000
		},
		{
			"brickIp":"192.168.1.243",
			"deviceType":"dimmer",
			"deviceName":"Breakfast Room Dimmer",
			"zoneName":"breakfastroom",
			"zoneArea":"main",
			"channel":3,
			"readable":true,
			"writeable":true,
			"G":"243D03",
			"V":0,
			"D":234,
			"Interval":20000
		},
		{
			"brickIp":"192.168.1.243",
			"deviceType":"dimmer",
			"deviceName":"Kitchen Main Dimmer",
			"zoneName":"kitchenmain",
			"zoneArea":"main",
			"channel":"0",
			"readable":true,
			"writeable":true,
			"G":"243D00",
			"V":0,
			"D":234,
			"Interval":20000
		},
		{
			"brickIp":"192.168.1.243",
			"deviceType":"dimmer",
			"deviceName":"Kitchen Island Dimmer",
			"zoneName":"kitchenIsland",
			"zoneArea":"island",
			"channel":"1",
			"readable":true,
			"writeable":true,
			"G":"243D01",
			"V":0,
			"D":234,
			"Interval":20000
		},
		{
			"brickIp":"192.168.1.243",
			"deviceType":"dimmer",
			"deviceName":"Kitchen Cabinet Dimmer",
			"zoneName":"kitchenCabinet",
			"zoneArea":"cabinet",
			"channel":"2",
			"readable":true,
			"writeable":true,
			"G":"243D02",
			"V":0,
			"D":234,
			"Interval":20000
		},
		{
			"brickIp":"192.168.1.244",
			"deviceType":"temp",
			"deviceName":"Playroom Temp",
			"zoneName":"playroom",
			"zoneArea":"main",
			"channel":1,
			"readable":true,
			"writeable":false,
			"G":"244T01",
			"V":0,
			"D":1,
			"Interval":15000
		},
		{
			"brickIp":"192.168.1.244",
			"deviceType":"temp",
			"deviceName":"Hallway Temp",
			"zoneName":"hall",
			"zoneArea":"main",
			"channel":2,
			"readable":true,
			"writeable":false,
			"G":"244T02",
			"V":0,
			"D":1,
			"Interval":15000
		},
		{
			"brickIp":"192.168.1.244",
			"deviceType":"temp",
			"deviceName":"Shower Room Temp",
			"zoneName":"gndshower",
			"zoneArea":"main",
			"channel":3,
			"readable":true,
			"writeable":false,
			"G":"244T03",
			"V":0,
			"D":1,
			"Interval":15000
		},
		{
			"brickIp":"192.168.1.244",
			"deviceType":"state",
			"deviceName":"Hallway Active State",
			"zoneName":"breakfastroom",
			"zoneArea":"main",
			"channel":0,
			"readable":true,
			"writeable":true,
			"G":"244DO00",
			"V":0,
			"D":244,
			"Interval":15000
		},
		{
			"brickIp":"192.168.1.244",
			"deviceType":"dimmer",
			"deviceName":"Playroom Dimmer",
			"zoneName":"playroom",
			"zoneArea":"main",
			"channel":"2",
			"readable":true,
			"writeable":true,
			"G":"244D02",
			"V":0,
			"D":234,
			"Interval":20000
		},
		{
			"brickIp":"192.168.1.244",
			"deviceType":"dimmer",
			"deviceName":"Dining Room Dimmer",
			"zoneName":"dining",
			"zoneArea":"main",
			"channel":"3",
			"readable":true,
			"writeable":true,
			"G":"244D03",
			"V":0,
			"D":234,
			"Interval":20000
		},
		{
			"brickIp":"192.168.1.244",
			"deviceType":"pir",
			"deviceName":"Garage PIR Trigger",
			"zoneName":"kitchen",
			"zoneArea":"main",
			"channel":0,
			"readable":true,
			"writeable":false,
			"G":"244DI00",
			"V":0,
			"D":7,
			"Interval":1200000
		},
		{
			"brickIp":"192.168.1.244",
			"deviceType":"button",
			"deviceName":"Playroom Front Switch 1",
			"zoneName":"playroom",
			"zoneArea":"main",
			"channel":3,
			"readable":true,
			"writeable":true,
			"G":"244DI03",
			"V":0,
			"D":5,
			"Interval":1200000
		},
		{
			"brickIp":"192.168.1.244",
			"deviceType":"button",
			"deviceName":"Playroom Front Switch 2",
			"zoneName":"playroom",
			"zoneArea":"main",
			"channel":4,
			"readable":true,
			"writeable":true,
			"G":"244DI04",
			"V":0,
			"D":5,
			"Interval":1200000
		},
		{
			"brickIp":"192.168.1.244",
			"deviceType":"button",
			"deviceName":"Playroom Front Switch 3",
			"zoneName":"playroom",
			"zoneArea":"main",
			"channel":5,
			"readable":true,
			"writeable":true,
			"G":"244DI05",
			"V":0,
			"D":5,
			"Interval":1200000
		},
		{
			"brickIp":"192.168.1.244",
			"deviceType":"button",
			"deviceName":"Playroom Back Switch 1",
			"zoneName":"breakfastroom",
			"zoneArea":"main",
			"channel":6,
			"readable":true,
			"writeable":true,
			"G":"244DI06",
			"V":0,
			"D":5,
			"Interval":1200000
		},
		{
			"brickIp":"192.168.1.244",
			"deviceType":"button",
			"deviceName":"Playroom Back Switch 2",
			"zoneName":"breakfastroom",
			"zoneArea":"main",
			"channel":7,
			"readable":true,
			"writeable":true,
			"G":"244DI07",
			"V":0,
			"D":5,
			"Interval":1200000
		},
		{
			"brickIp":"192.168.1.244",
			"deviceType":"button",
			"deviceName":"Playroom Back Switch 3",
			"zoneName":"breakfastroom",
			"zoneArea":"main",
			"channel":"8",
			"readable":true,
			"writeable":true,
			"G":"244DI08",
			"V":0,
			"D":5,
			"Interval":2500000
		},
		{
			"brickIp":"192.168.1.244",
			"deviceType":"button",
			"deviceName":"Landing Light Switch",
			"zoneName":"landing",
			"zoneArea":"main",
			"channel":"9",
			"readable":true,
			"writeable":true,
			"G":"244DI09",
			"V":0,
			"D":5,
			"Interval":2500000
		},
		{
			"brickIp":"192.168.1.244",
			"deviceType":"button",
			"deviceName":"Dining Room Switch 1",
			"zoneName":"dining",
			"zoneArea":"main",
			"channel":"10",
			"readable":true,
			"writeable":true,
			"G":"244DI10",
			"V":0,
			"D":5,
			"Interval":2500000
		},
		{
			"brickIp":"192.168.1.244",
			"deviceType":"pir",
			"deviceName":"Living Room PIR Trigger",
			"zoneName":"breakfastroom",
			"zoneArea":"main",
			"channel":"11",
			"readable":true,
			"writeable":false,
			"G":"244DI11",
			"V":0,
			"D":7,
			"Interval":2500000
		},
		{
			"brickIp":"192.168.1.245",
			"deviceType":"dimmer",
			"deviceName":"Porch Dimmer",
			"zoneName":"porch",
			"zoneArea":"main",
			"channel":"0",
			"readable":true,
			"writeable":true,
			"G":"245D00",
			"V":0,
			"D":234,
			"Interval":20000
		},
		{
			"brickIp":"192.168.1.245",
			"deviceType":"dimmer",
			"deviceName":"Hallway Dimmer",
			"zoneName":"hall",
			"zoneArea":"main",
			"channel":"2",
			"readable":true,
			"writeable":true,
			"G":"245D02",
			"V":0,
			"D":234,
			"Interval":20000
		},
		{
			"brickIp":"192.168.1.245",
			"deviceType":"dimmer",
			"deviceName":"Shower Room Dimmer",
			"zoneName":"showerroom",
			"zoneArea":"main",
			"channel":"3",
			"readable":true,
			"writeable":true,
			"G":"245D03",
			"V":0,
			"D":234,
			"Interval":20000
		},
		{
			"brickIp":"192.168.1.245",
			"deviceType":"button",
			"deviceName":"Hallway Entrance Switch 1",
			"zoneName":"hallway",
			"zoneArea":"main",
			"channel":0,
			"readable":true,
			"writeable":true,
			"G":"245DI00",
			"V":0,
			"D":5,
			"Interval":1200000
		},
		{
			"brickIp":"192.168.1.245",
			"deviceType":"button",
			"deviceName":"Hallway Entrance Switch 2",
			"zoneName":"hallway",
			"zoneArea":"main",
			"channel":1,
			"readable":true,
			"writeable":true,
			"G":"245DI01",
			"V":0,
			"D":5,
			"Interval":1200000
		},
		{
			"brickIp":"192.168.1.245",
			"deviceType":"button",
			"deviceName":"Hallway Entrance Switch 3",
			"zoneName":"hallway",
			"zoneArea":"main",
			"channel":2,
			"readable":true,
			"writeable":true,
			"G":"245DI02",
			"V":0,
			"D":5,
			"Interval":1200000
		},
		{
			"brickIp":"192.168.1.245",
			"deviceType":"button",
			"deviceName":"Hallway TV Room Switch 1",
			"zoneName":"hallway",
			"zoneArea":"main",
			"channel":3,
			"readable":true,
			"writeable":true,
			"G":"245DI03",
			"V":0,
			"D":5,
			"Interval":1200000
		},
		{
			"brickIp":"192.168.1.245",
			"deviceType":"button",
			"deviceName":"Hallway TV Room Switch 2",
			"zoneName":"hallway",
			"zoneArea":"main",
			"channel":4,
			"readable":true,
			"writeable":true,
			"G":"245DI04",
			"V":0,
			"D":5,
			"Interval":1200000
		},
		{
			"brickIp":"192.168.1.245",
			"deviceType":"button",
			"deviceName":"Hallway Stairs Switch 1",
			"zoneName":"hallway",
			"zoneArea":"main",
			"channel":5,
			"readable":true,
			"writeable":true,
			"G":"245DI05",
			"V":0,
			"D":5,
			"Interval":1200000
		},
		{
			"brickIp":"192.168.1.245",
			"deviceType":"button",
			"deviceName":"Hallway Stairs Switch 2",
			"zoneName":"hallway",
			"zoneArea":"main",
			"channel":6,
			"readable":true,
			"writeable":true,
			"G":"245DI06",
			"V":0,
			"D":5,
			"Interval":1200000
		},
		{
			"brickIp":"192.168.1.245",
			"deviceType":"button",
			"deviceName":"Hallway Stairs Switch 3",
			"zoneName":"hallway",
			"zoneArea":"main",
			"channel":7,
			"readable":true,
			"writeable":true,
			"G":"245DI07",
			"V":0,
			"D":5,
			"Interval":1200000
		},
		{
			"brickIp":"192.168.1.245",
			"deviceType":"button",
			"deviceName":"Hallway Kitchen Switch 1",
			"zoneName":"hallway",
			"zoneArea":"main",
			"channel":"8",
			"readable":true,
			"writeable":true,
			"G":"245DI08",
			"V":0,
			"D":5,
			"Interval":2500000
		},
		{
			"brickIp":"192.168.1.245",
			"deviceType":"button",
			"deviceName":"Hallway Kitchen Switch 2",
			"zoneName":"hallway",
			"zoneArea":"main",
			"channel":"9",
			"readable":true,
			"writeable":true,
			"G":"245DI09",
			"V":0,
			"D":5,
			"Interval":2500000
		},
		{
			"brickIp":"192.168.1.245",
			"deviceType":"button",
			"deviceName":"Porch Switch 1",
			"zoneName":"porch",
			"zoneArea":"main",
			"channel":"10",
			"readable":true,
			"writeable":true,
			"G":"245DI10",
			"V":0,
			"D":5,
			"Interval":2500000
		},
		{
			"brickIp":"192.168.1.245",
			"deviceType":"pir",
			"deviceName":"Shower Room Switch 1",
			"zoneName":"shower",
			"zoneArea":"main",
			"channel":"11",
			"readable":true,
			"writeable":true,
			"G":"245DI11",
			"V":0,
			"D":5,
			"Interval":2500000
		},
		{
			"brickIp":"192.168.1.246",
			"deviceType":"temp",
			"deviceName":"TV Room Temp",
			"zoneName":"sittingroom",
			"zoneArea":"main",
			"channel":1,
			"readable":true,
			"writeable":false,
			"G":"246T01",
			"V":0,
			"D":1,
			"Interval":15000
		},
		{
			"brickIp":"192.168.1.246",
			"deviceType":"button",
			"deviceName":"Outside Front Switch 1",
			"zoneName":"outsidefront",
			"zoneArea":"main",
			"channel":0,
			"readable":true,
			"writeable":true,
			"G":"246DI00",
			"V":0,
			"D":5,
			"Interval":1200000
		},
		{
			"brickIp":"192.168.1.246",
			"deviceType":"button",
			"deviceName":"Outside Side Switch 2",
			"zoneName":"outsiderear",
			"zoneArea":"main",
			"channel":1,
			"readable":true,
			"writeable":true,
			"G":"246DI01",
			"V":0,
			"D":5,
			"Interval":1200000
		},
		{
			"brickIp":"192.168.1.246",
			"deviceType":"button",
			"deviceName":"TV Room Switch 1",
			"zoneName":"sittingroom",
			"zoneArea":"main",
			"channel":5,
			"readable":true,
			"writeable":true,
			"G":"246DI05",
			"V":0,
			"D":5,
			"Interval":1200000
		},
		{
			"brickIp":"192.168.1.246",
			"deviceType":"button",
			"deviceName":"TV Room Switch 2",
			"zoneName":"sittingroom",
			"zoneArea":"main",
			"channel":6,
			"readable":true,
			"writeable":true,
			"G":"246DI06",
			"V":0,
			"D":5,
			"Interval":1200000
		},
		{
			"brickIp":"192.168.1.246",
			"deviceType":"button",
			"deviceName":"TV Room Switch 3",
			"zoneName":"sittingroom",
			"zoneArea":"main",
			"channel":7,
			"readable":true,
			"writeable":true,
			"G":"246DI07",
			"V":0,
			"D":5,
			"Interval":1200000
		},
		{
			"brickIp":"192.168.1.246",
			"deviceType":"button",
			"deviceName":"Porch Switch 1",
			"zoneName":"hallway",
			"zoneArea":"main",
			"channel":"9",
			"readable":true,
			"writeable":true,
			"G":"246DI09",
			"V":0,
			"D":5,
			"Interval":2500000
		},
		{
			"brickIp":"192.168.1.246",
			"deviceType":"button",
			"deviceName":"Porch Switch 2",
			"zoneName":"porch",
			"zoneArea":"main",
			"channel":"10",
			"readable":true,
			"writeable":true,
			"G":"246DI10",
			"V":0,
			"D":5,
			"Interval":2500000
		},
		{
			"brickIp":"192.168.1.247",
			"deviceType":"state",
			"deviceName":"Boiler Heating State",
			"zoneName":"boiler",
			"zoneArea":"heat",
			"channel":"0",
			"readable":true,
			"writeable":true,
			"G":"247DO00",
			"V":0,
			"D":244,
			"Interval":2500000
		},
		{
			"brickIp":"192.168.1.247",
			"deviceType":"state",
			"deviceName":"Hot Water Heating State",
			"zoneName":"boiler",
			"zoneArea":"water",
			"channel":"1",
			"readable":true,
			"writeable":true,
			"G":"247DO01",
			"V":0,
			"D":244,
			"Interval":2500000
		},
		{
			"brickIp":"192.168.1.247",
			"deviceType":"state",
			"deviceName":"Heating PorchHall State",
			"zoneName":"heating",
			"zoneArea":"porch",
			"channel":"2",
			"readable":true,
			"writeable":true,
			"G":"247DO02",
			"V":0,
			"D":244,
			"Interval":2500000
		},
		{
			"brickIp":"192.168.1.247",
			"deviceType":"state",
			"deviceName":"Heating TV Room State",
			"zoneName":"heating",
			"zoneArea":"sittingroom",
			"channel":"3",
			"readable":true,
			"writeable":true,
			"G":"247DO03",
			"V":0,
			"D":244,
			"Interval":2500000
		},
		{
			"brickIp":"192.168.1.247",
			"deviceType":"state",
			"deviceName":"Heating Shower Room State",
			"zoneName":"heating",
			"zoneArea":"showerroom",
			"channel":"4",
			"readable":true,
			"writeable":true,
			"G":"247DO04",
			"V":0,
			"D":244,
			"Interval":2500000
		},
		{
			"brickIp":"192.168.1.247",
			"deviceType":"state",
			"deviceName":"Heating Playroom Room State",
			"zoneName":"heating",
			"zoneArea":"playroom",
			"channel":"5",
			"readable":true,
			"writeable":true,
			"G":"247DO05",
			"V":0,
			"D":244,
			"Interval":2500000
		},
		{
			"brickIp":"192.168.1.247",
			"deviceType":"state",
			"deviceName":"Heating Kitchen State",
			"zoneName":"heating",
			"zoneArea":"kitchen",
			"channel":"6",
			"readable":true,
			"writeable":true,
			"G":"247DO06",
			"V":0,
			"D":244,
			"Interval":2500000
		},
		{
			"brickIp":"192.168.1.247",
			"deviceType":"state",
			"deviceName":"Heating Dining Room State",
			"zoneName":"heating",
			"zoneArea":"kitchen",
			"channel":"7",
			"readable":true,
			"writeable":true,
			"G":"247DO07",
			"V":0,
			"D":244,
			"Interval":2500000
		},
		{
			"brickIp":"192.168.1.246",
			"deviceType":"dimmer",
			"deviceName":"Landing Dimmer",
			"zoneName":"landing",
			"zoneArea":"main",
			"channel":"0",
			"readable":true,
			"writeable":true,
			"G":"246D00",
			"V":0,
			"D":234,
			"Interval":20000
		},
		{
			"brickIp":"192.168.1.246",
			"deviceType":"dimmer",
			"deviceName":"TV Room Dimmer",
			"zoneName":"TVroom",
			"zoneArea":"main",
			"channel":"1",
			"readable":true,
			"writeable":true,
			"G":"246D01",
			"V":0,
			"D":234,
			"Interval":20000
		},
		{
			"brickIp":"192.168.1.246",
			"deviceType":"dimmer",
			"deviceName":"Outside Side Dimmer",
			"zoneName":"outsideside",
			"zoneArea":"main",
			"channel":"2",
			"readable":true,
			"writeable":true,
			"G":"246D02",
			"V":0,
			"D":234,
			"Interval":20000
		},
		{
			"brickIp":"192.168.1.246",
			"deviceType":"dimmer",
			"deviceName":"Outside Front Dimmer",
			"zoneName":"outsidefront",
			"zoneArea":"main",
			"channel":"3",
			"readable":true,
			"writeable":true,
			"G":"246D03",
			"V":0,
			"D":234,
			"Interval":20000
		},
		{
			"brickIp":"192.168.1.247",
			"deviceType":"button",
			"deviceName":"Underfloor Heat PorchHall",
			"zoneName":"hallway",
			"zoneArea":"main",
			"channel":0,
			"readable":true,
			"writeable":false,
			"G":"247DI00",
			"V":0,
			"D":5,
			"Interval":1200000
		},
		{
			"brickIp":"192.168.1.247",
			"deviceType":"button",
			"deviceName":"Georges Bedroom Switch 1",
			"zoneName":"georgebed",
			"zoneArea":"main",
			"channel":1,
			"readable":true,
			"writeable":true,
			"G":"247DI01",
			"V":0,
			"D":5,
			"Interval":1200000
		},
		{
			"brickIp":"192.168.1.247",
			"deviceType":"button",
			"deviceName":"Underfloor Heat TV Room",
			"zoneName":"sittingroom",
			"zoneArea":"main",
			"channel":2,
			"readable":true,
			"writeable":true,
			"G":"247DI02",
			"V":0,
			"D":5,
			"Interval":1200000
		},
		{
			"brickIp":"192.168.1.247",
			"deviceType":"button",
			"deviceName":"Underfloor Heat Shower",
			"zoneName":"showerroom",
			"zoneArea":"main",
			"channel":3,
			"readable":true,
			"writeable":true,
			"G":"247DI03",
			"V":0,
			"D":5,
			"Interval":1200000
		},
		{
			"brickIp":"192.168.1.247",
			"deviceType":"button",
			"deviceName":"Lucys Bedroom Switch 1",
			"zoneName":"lucybed",
			"zoneArea":"main",
			"channel":4,
			"readable":true,
			"writeable":true,
			"G":"247DI04",
			"V":0,
			"D":5,
			"Interval":1200000
		},
		{
			"brickIp":"192.168.1.247",
			"deviceType":"button",
			"deviceName":"Central Heating Trigger",
			"zoneName":"centralheat",
			"zoneArea":"main",
			"channel":5,
			"readable":true,
			"writeable":true,
			"G":"247DI05",
			"V":0,
			"D":5,
			"Interval":1200000
		},
		{
			"brickIp":"192.168.1.247",
			"deviceType":"button",
			"deviceName":"Hot Water Trigger",
			"zoneName":"hotwater",
			"zoneArea":"main",
			"channel":6,
			"readable":true,
			"writeable":true,
			"G":"247DI06",
			"V":0,
			"D":5,
			"Interval":1200000
		},
		{
			"brickIp":"192.168.1.247",
			"deviceType":"button",
			"deviceName":"Central Heating 60 Min",
			"zoneName":"centralheat",
			"zoneArea":"main",
			"channel":7,
			"readable":true,
			"writeable":true,
			"G":"247DI07",
			"V":0,
			"D":5,
			"Interval":1200000
		},
		{
			"brickIp":"192.168.1.247",
			"deviceType":"button",
			"deviceName":"Landing Bathroom Switch 1",
			"zoneName":"landing",
			"zoneArea":"main",
			"channel":"8",
			"readable":true,
			"writeable":true,
			"G":"247DI08",
			"V":0,
			"D":5,
			"Interval":2500000
		},
		{
			"brickIp":"192.168.1.247",
			"deviceType":"button",
			"deviceName":"Landing Bathroom Switch 2",
			"zoneName":"landing",
			"zoneArea":"main",
			"channel":"9",
			"readable":true,
			"writeable":true,
			"G":"247DI09",
			"V":0,
			"D":5,
			"Interval":2500000
		},
		{
			"brickIp":"192.168.1.247",
			"deviceType":"button",
			"deviceName":"Landing Dim Light 30 Min",
			"zoneName":"landing",
			"zoneArea":"main",
			"channel":"10",
			"readable":true,
			"writeable":true,
			"G":"247DI10",
			"V":0,
			"D":5,
			"Interval":2500000
		},
		{
			"brickIp":"192.168.1.247",
			"deviceType":"button",
			"deviceName":"Landing Front Switch 1",
			"zoneName":"landing",
			"zoneArea":"main",
			"channel":"11",
			"readable":true,
			"writeable":true,
			"G":"247DI11",
			"V":0,
			"D":5,
			"Interval":2500000
		},
		{
			"brickIp":"192.168.1.247",
			"deviceType":"dimmer",
			"deviceName":"George Bedroom Dimmer",
			"zoneName":"george bedroom",
			"zoneArea":"main",
			"channel":"0",
			"readable":true,
			"writeable":true,
			"G":"247D00",
			"V":0,
			"D":234,
			"Interval":20000
		},
		{
			"brickIp":"192.168.1.247",
			"deviceType":"dimmer",
			"deviceName":"Lucy Bedrom Dimmer",
			"zoneName":"lucysbedroom",
			"zoneArea":"main",
			"channel":"1",
			"readable":true,
			"writeable":true,
			"G":"247D01",
			"V":0,
			"D":234,
			"Interval":20000
		},
		{
			"brickIp":"192.168.1.247",
			"deviceType":"dimmer",
			"deviceName":"Bathroom Dimmer",
			"zoneName":"bathroom",
			"zoneArea":"main",
			"channel":"2",
			"readable":true,
			"writeable":true,
			"G":"247D02",
			"V":0,
			"D":234,
			"Interval":20000
		},
		{
			"brickIp":"192.168.1.248",
			"deviceType":"temp",
			"deviceName":"Master Bed Temp",
			"zoneName":"masterbed",
			"zoneArea":"main",
			"channel":1,
			"readable":true,
			"writeable":false,
			"G":"248T01",
			"V":0,
			"D":1,
			"Interval":15000
		},
		{
			"brickIp":"192.168.1.248",
			"deviceType":"temp",
			"deviceName":"Spare Bed Temp",
			"zoneName":"sparebed",
			"zoneArea":"main",
			"channel":2,
			"readable":true,
			"writeable":false,
			"G":"248T02",
			"V":0,
			"D":1,
			"Interval":15000
		},
		{
			"brickIp":"192.168.1.248",
			"deviceType":"button",
			"deviceName":"Master Ensuite Switch 1",
			"zoneName":"masterbed",
			"zoneArea":"main",
			"channel":0,
			"readable":true,
			"writeable":true,
			"G":"248DI00",
			"V":0,
			"D":5,
			"Interval":1200000
		},
		{
			"brickIp":"192.168.1.248",
			"deviceType":"button",
			"deviceName":"Master Bed Main Switch",
			"zoneName":"masterbed",
			"zoneArea":"main",
			"channel":2,
			"readable":true,
			"writeable":true,
			"G":"248DI02",
			"V":0,
			"D":5,
			"Interval":1200000
		},
		{
			"brickIp":"192.168.1.248",
			"deviceType":"button",
			"deviceName":"Master Bed Karen Switch 1",
			"zoneName":"masterbed",
			"zoneArea":"main",
			"channel":3,
			"readable":true,
			"writeable":true,
			"G":"248DI03",
			"V":0,
			"D":5,
			"Interval":1200000
		},
		{
			"brickIp":"192.168.1.248",
			"deviceType":"button",
			"deviceName":"Master Bed Karen Switch 2",
			"zoneName":"masterbed",
			"zoneArea":"main",
			"channel":4,
			"readable":true,
			"writeable":true,
			"G":"248DI4",
			"V":0,
			"D":5,
			"Interval":1200000
		},
		{
			"brickIp":"192.168.1.248",
			"deviceType":"button",
			"deviceName":"Master Bed Paul Switch 1",
			"zoneName":"masterbed",
			"zoneArea":"main",
			"channel":5,
			"readable":true,
			"writeable":true,
			"G":"248DI05",
			"V":0,
			"D":5,
			"Interval":1200000
		},
		{
			"brickIp":"192.168.1.248",
			"deviceType":"button",
			"deviceName":"Master Bed Paul Switch 2",
			"zoneName":"masterbed",
			"zoneArea":"main",
			"channel":6,
			"readable":true,
			"writeable":true,
			"G":"248DI06",
			"V":0,
			"D":5,
			"Interval":1200000
		},
		{
			"brickIp":"192.168.1.248",
			"deviceType":"button",
			"deviceName":"Master Bed Paul Switch 3",
			"zoneName":"masterbed",
			"zoneArea":"main",
			"channel":7,
			"readable":true,
			"writeable":true,
			"G":"248DI07",
			"V":0,
			"D":5,
			"Interval":1200000
		},
		{
			"brickIp":"192.168.1.248",
			"deviceType":"button",
			"deviceName":"Master Bed Other Switch 1",
			"zoneName":"masterbed",
			"zoneArea":"main",
			"channel":"8",
			"readable":true,
			"writeable":true,
			"G":"248DI08",
			"V":0,
			"D":5,
			"Interval":2500000
		},
		{
			"brickIp":"192.168.1.248",
			"deviceType":"button",
			"deviceName":"Master Bed Other Switch 2",
			"zoneName":"hallway",
			"zoneArea":"main",
			"channel":"9",
			"readable":true,
			"writeable":true,
			"G":"248DI09",
			"V":0,
			"D":5,
			"Interval":2500000
		},
		{
			"brickIp":"192.168.1.248",
			"deviceType":"button",
			"deviceName":"Spare Bed Door Switch",
			"zoneName":"sparebed",
			"zoneArea":"main",
			"channel":"10",
			"readable":true,
			"writeable":true,
			"G":"248DI10",
			"V":0,
			"D":5,
			"Interval":2500000
		},
		{
			"brickIp":"192.168.1.248",
			"deviceType":"button",
			"deviceName":"Spare Bed Wall Switch",
			"zoneName":"sparebed",
			"zoneArea":"main",
			"channel":"11",
			"readable":true,
			"writeable":true,
			"G":"248DI11",
			"V":0,
			"D":5,
			"Interval":2500000
		},
		{
			"brickIp":"192.168.1.248",
			"deviceType":"dimmer",
			"deviceName":"Master Bed Dimmer",
			"zoneName":"masterbed",
			"zoneArea":"main",
			"channel":"1",
			"readable":true,
			"writeable":true,
			"G":"248D01",
			"V":0,
			"D":234,
			"Interval":20000
		},
		{
			"brickIp":"192.168.1.248",
			"deviceType":"dimmer",
			"deviceName":"Spare Bed Dimmer",
			"zoneName":"sparebed",
			"zoneArea":"main",
			"channel":"2",
			"readable":true,
			"writeable":true,
			"G":"248D02",
			"V":0,
			"D":234,
			"Interval":20000
		},
		{
			"brickIp":"192.168.1.248",
			"deviceType":"dimmer",
			"deviceName":"Master Ensuite Dimmer",
			"zoneName":"masterbedensuite",
			"zoneArea":"main",
			"channel":"3",
			"readable":true,
			"writeable":true,
			"G":"248D03",
			"V":0,
			"D":234,
			"Interval":20000
		},
		{
			"brickIp":"192.168.1.249",
			"deviceType":"temp",
			"deviceName":"Guest Bed Temp",
			"zoneName":"masterbed",
			"zoneArea":"main",
			"channel":1,
			"readable":true,
			"writeable":false,
			"G":"249T01",
			"V":0,
			"D":1,
			"Interval":15000
		},
		{
			"brickIp":"192.168.1.249",
			"deviceType":"button",
			"deviceName":"Study Switch 1",
			"zoneName":"study",
			"zoneArea":"main",
			"channel":0,
			"readable":true,
			"writeable":true,
			"G":"249DI00",
			"V":0,
			"D":5,
			"Interval":1200000
		},
		{
			"brickIp":"192.168.1.249",
			"deviceType":"button",
			"deviceName":"Study Switch 2",
			"zoneName":"study",
			"zoneArea":"main",
			"channel":1,
			"readable":true,
			"writeable":true,
			"G":"249DI01",
			"V":0,
			"D":5,
			"Interval":1200000
		},
		{
			"brickIp":"192.168.1.249",
			"deviceType":"button",
			"deviceName":"Study Switch 3",
			"zoneName":"study",
			"zoneArea":"main",
			"channel":2,
			"readable":true,
			"writeable":true,
			"G":"249DI02",
			"V":0,
			"D":5,
			"Interval":1200000
		},
		{
			"brickIp":"192.168.1.249",
			"deviceType":"button",
			"deviceName":"Top Hallway Switch",
			"zoneName":"2fl-hall",
			"zoneArea":"main",
			"channel":4,
			"readable":true,
			"writeable":true,
			"G":"249DI4",
			"V":0,
			"D":5,
			"Interval":1200000
		},
		{
			"brickIp":"192.168.1.249",
			"deviceType":"button",
			"deviceName":"Guest Ensuite Switch 1",
			"zoneName":"masterbed",
			"zoneArea":"main",
			"channel":5,
			"readable":true,
			"writeable":true,
			"G":"249DI05",
			"V":0,
			"D":5,
			"Interval":1200000
		},
		{
			"brickIp":"192.168.1.249",
			"deviceType":"button",
			"deviceName":"Guest Bed Other Switch 1",
			"zoneName":"guestbed",
			"zoneArea":"main",
			"channel":"8",
			"readable":true,
			"writeable":true,
			"G":"249DI08",
			"V":0,
			"D":5,
			"Interval":2500000
		},
		{
			"brickIp":"192.168.1.249",
			"deviceType":"button",
			"deviceName":"Guest Bed Other Switch 2",
			"zoneName":"guestbed",
			"zoneArea":"main",
			"channel":"9",
			"readable":true,
			"writeable":true,
			"G":"249DI09",
			"V":0,
			"D":5,
			"Interval":2500000
		},
		{
			"brickIp":"192.168.1.249",
			"deviceType":"button",
			"deviceName":"Guest Bed Other Switch 3",
			"zoneName":"sparebed",
			"zoneArea":"main",
			"channel":"10",
			"readable":true,
			"writeable":true,
			"G":"249DI10",
			"V":0,
			"D":5,
			"Interval":2500000
		},
		{
			"brickIp":"192.168.1.249",
			"deviceType":"dimmer",
			"deviceName":"Study Dimmer",
			"zoneName":"study",
			"zoneArea":"main",
			"channel":"0",
			"readable":true,
			"writeable":true,
			"G":"249D00",
			"V":0,
			"D":234,
			"Interval":20000
		},
		{
			"brickIp":"192.168.1.249",
			"deviceType":"dimmer",
			"deviceName":"Top Bed Dimmer",
			"zoneName":"guestbed",
			"zoneArea":"main",
			"channel":"1",
			"readable":true,
			"writeable":true,
			"G":"249D01",
			"V":0,
			"D":234,
			"Interval":20000
		},
		{
			"brickIp":"192.168.1.249",
			"deviceType":"dimmer",
			"deviceName":"Outside Rear Dimmer",
			"zoneName":"outsiderear",
			"zoneArea":"main",
			"channel":"2",
			"readable":true,
			"writeable":true,
			"G":"249D02",
			"V":0,
			"D":234,
			"Interval":20000
		},
		{
			"brickIp":"192.168.1.249",
			"deviceType":"dimmer",
			"deviceName":"2fl Hallway Dimmer",
			"zoneName":"Toplanding",
			"zoneArea":"top",
			"channel":"3",
			"readable":true,
			"writeable":true,
			"G":"249D03",
			"V":0,
			"D":234,
			"Interval":20000
		},
		{
			"brickIp":"192.168.1.250",
			"deviceType":"state",
			"deviceName":"Garage Active State",
			"zoneName":"garage",
			"zoneArea":"main",
			"channel":1,
			"readable":true,
			"writeable":false,
			"G":"250DO01",
			"V":0,
			"D":244,
			"Interval":15000
		},
		{
			"brickIp":"192.168.1.250",
			"deviceType":"button",
			"deviceName":"Garage Switch 1",
			"zoneName":"garage",
			"zoneArea":"main",
			"channel":"5",
			"readable":true,
			"writeable":true,
			"G":"250DI05",
			"V":0,
			"D":5,
			"Interval":2500000
		},
		{
			"brickIp":"192.168.1.250",
			"deviceType":"button",
			"deviceName":"Garage Switch 2",
			"zoneName":"garage",
			"zoneArea":"main",
			"channel":"6",
			"readable":true,
			"writeable":true,
			"G":"250DI06",
			"V":0,
			"D":5,
			"Interval":2500000
		},
		{
			"brickIp":"192.168.1.250",
			"deviceType":"temp",
			"deviceName":"Garage Temp",
			"zoneName":"garage",
			"zoneArea":"main",
			"channel":1,
			"readable":true,
			"writeable":false,
			"G":"250T01",
			"V":0,
			"D":1,
			"Interval":15000
		},
		{
			"brickIp":"192.168.1.250",
			"deviceType":"light",
			"deviceName":"Garage Light",
			"zoneName":"garage light",
			"zoneArea":"main",
			"channel":0,
			"readable":true,
			"writeable":true,
			"G":"250DO00",
			"V":0,
			"D":244,
			"Interval":15000
		},
		{
			"brickIp":"192.168.1.250",
			"deviceType":"dimmer",
			"deviceName":"Big Garden Light Dimmer",
			"zoneName":"gardenlight",
			"zoneArea":"main",
			"channel":"0",
			"readable":true,
			"writeable":true,
			"G":"250D00",
			"V":0,
			"D":234,
			"Interval":20000
		},
		{
			"brickIp":"192.168.1.250",
			"deviceType":"dimmer",
			"deviceName":"Top Bathroom Dimmer",
			"zoneName":"topbathlight",
			"zoneArea":"main",
			"channel":"2",
			"readable":true,
			"writeable":true,
			"G":"250D02",
			"V":0,
			"D":234,
			"Interval":20000
		},
		{
			"brickIp":"192.168.1.243",
			"deviceType":"text",
			"deviceName":"Heartbeat - 1",
			"zoneName":"heartbeat",
			"zoneArea":"main",
			"channel":"0",
			"readable":true,
			"writeable":false,
			"G":"243ST00",
			"V":0,
			"D":240,
			"Interval":20000
		},
		{
			"brickIp":"192.168.1.244",
			"deviceType":"text",
			"deviceName":"Heartbeat - 2",
			"zoneName":"heartbeat",
			"zoneArea":"main",
			"channel":"0",
			"readable":true,
			"writeable":false,
			"G":"244ST00",
			"V":0,
			"D":240,
			"Interval":20000
		},
		{
			"brickIp":"192.168.1.245",
			"deviceType":"text",
			"deviceName":"Heartbeat - 3",
			"zoneName":"heartbeat",
			"zoneArea":"main",
			"channel":"0",
			"readable":true,
			"writeable":false,
			"G":"245ST00",
			"V":0,
			"D":240,
			"Interval":20000
		},
		{
			"brickIp":"192.168.1.246",
			"deviceType":"text",
			"deviceName":"Heartbeat - 4",
			"zoneName":"heartbeat",
			"zoneArea":"main",
			"channel":"0",
			"readable":true,
			"writeable":false,
			"G":"246ST00",
			"V":0,
			"D":240,
			"Interval":20000
		},
		{
			"brickIp":"192.168.1.247",
			"deviceType":"text",
			"deviceName":"Heartbeat - 5",
			"zoneName":"heartbeat",
			"zoneArea":"main",
			"channel":"0",
			"readable":true,
			"writeable":false,
			"G":"247ST00",
			"V":0,
			"D":240,
			"Interval":20000
		},
		{
			"brickIp":"192.168.1.248",
			"deviceType":"text",
			"deviceName":"Heartbeat - 6",
			"zoneName":"heartbeat",
			"zoneArea":"main",
			"channel":"0",
			"readable":true,
			"writeable":false,
			"G":"248ST00",
			"V":0,
			"D":240,
			"Interval":20000
		},
		{
			"brickIp":"192.168.1.249",
			"deviceType":"text",
			"deviceName":"Heartbeat - 7",
			"zoneName":"heartbeat",
			"zoneArea":"main",
			"channel":"0",
			"readable":true,
			"writeable":false,
			"G":"249ST00",
			"V":0,
			"D":240,
			"Interval":20000
		},
		{
			"brickIp":"192.168.1.250",
			"deviceType":"text",
			"deviceName":"Heartbeat - 8",
			"zoneName":"heartbeat",
			"zoneArea":"main",
			"channel":"0",
			"readable":true,
			"writeable":false,
			"G":"250ST00",
			"V":0,
			"D":240,
			"Interval":20000
		},
		{
			"brickIp":"192.168.1.243",
			"deviceType":"text_command",
			"deviceName":"Command - 1",
			"zoneName":"Command",
			"zoneArea":"main",
			"channel":"0",
			"readable":true,
			"writeable":false,
			"G":"243CC00",
			"V":0,
			"D":240,
			"Interval":20000
		},
		{
			"brickIp":"192.168.1.244",
			"deviceType":"text_command",
			"deviceName":"Command - 2",
			"zoneName":"Command",
			"zoneArea":"main",
			"channel":"0",
			"readable":true,
			"writeable":false,
			"G":"244CC00",
			"V":0,
			"D":240,
			"Interval":20000
		},
		{
			"brickIp":"192.168.1.245",
			"deviceType":"text_command",
			"deviceName":"Command - 3",
			"zoneName":"Command",
			"zoneArea":"main",
			"channel":"0",
			"readable":true,
			"writeable":false,
			"G":"245CC00",
			"V":0,
			"D":240,
			"Interval":20000
		},
		{
			"brickIp":"192.168.1.246",
			"deviceType":"text_command",
			"deviceName":"Command - 4",
			"zoneName":"Command",
			"zoneArea":"main",
			"channel":"0",
			"readable":true,
			"writeable":false,
			"G":"246CC00",
			"V":0,
			"D":240,
			"Interval":20000
		},
		{
			"brickIp":"192.168.1.247",
			"deviceType":"text_command",
			"deviceName":"Command - 5",
			"zoneName":"Command",
			"zoneArea":"main",
			"channel":"0",
			"readable":true,
			"writeable":false,
			"G":"247CC00",
			"V":0,
			"D":240,
			"Interval":20000
		},
		{
			"brickIp":"192.168.1.248",
			"deviceType":"text_command",
			"deviceName":"Command - 6",
			"zoneName":"Command",
			"zoneArea":"main",
			"channel":"0",
			"readable":true,
			"writeable":false,
			"G":"248CC00",
			"V":0,
			"D":240,
			"Interval":20000
		},
		{
			"brickIp":"192.168.1.249",
			"deviceType":"text_command",
			"deviceName":"Command - 7",
			"zoneName":"Command",
			"zoneArea":"main",
			"channel":"0",
			"readable":true,
			"writeable":false,
			"G":"249CC00",
			"V":0,
			"D":240,
			"Interval":20000
		},
		{
			"brickIp":"192.168.1.250",
			"deviceType":"text_command",
			"deviceName":"Command - 8",
			"zoneName":"Command",
			"zoneArea":"main",
			"channel":"0",
			"readable":true,
			"writeable":false,
			"G":"250CC00",
			"V":0,
			"D":240,
			"Interval":20000
		}
	]
}
